<?xml version="1.0" encoding="UTF-8"?>
<project-private xmlns="http://www.netbeans.org/ns/project-private/1">
    <editor-bookmarks xmlns="http://www.netbeans.org/ns/editor-bookmarks/2" lastBookmarkId="0"/>
    <open-files xmlns="http://www.netbeans.org/ns/projectui-open-files/2">
        <group>
            <file>file:/C:/Users/ESTUDIANTE%2022/Desktop/guia/src/proyectibiris/Proyectibiris.java</file>
            <file>file:/C:/Users/ESTUDIANTE%2022/Desktop/guia/src/proyectibiris/Calcgrafica.java</file>
            <file>file:/C:/Users/ESTUDIANTE%2022/Desktop/guia/src/proyectibiris/Evaluar.java</file>
            <file>file:/C:/Users/ESTUDIANTE%2022/Desktop/guia/src/proyectibiris/calculadora.java</file>
            <file>file:/C:/Users/ESTUDIANTE%2022/Desktop/guia/src/proyectibiris/consola.java</file>
        </group>
    </open-files>
</project-private>
